{"Axial_Mchi200_Mphi1750": 1.2593473508933313, "Axial_Mchi1_Mphi2250": 3.996158914535069, "Axial_Mchi500_Mphi500": 52.332883708446396, "Axial_Mchi200_Mphi500": 0.050492226901746866, "Axial_Mchi600_Mphi750": 96.30958159176691, "Axial_Mchi1_Mphi1500": 0.6104300924465953, "Axial_Mchi300_Mphi2250": 4.575127583839448, "Axial_Mchi300_Mphi1500": 0.734778951959222, "Axial_Mchi400_Mphi300": 23.58224498439935, "Axial_Mchi1_Mphi300": 0.006373765192772639, "Axial_Mchi150_Mphi1750": 1.2403922745514395, "Axial_Mchi400_Mphi2000": 2.697910702162427, "Axial_Mchi600_Mphi1500": 1.9076426354745322, "Axial_Mchi1_Mphi100": 0.0021801361394411843, "Axial_Mchi150_Mphi2000": 2.35083234554109, "Axial_Mchi1_Mphi1000": 0.13343753102567385, "Axial_Mchi100_Mphi300": 0.01048677422435464, "Axial_Mchi1_Mphi1750": 1.2102172734774639, "Axial_Mchi300_Mphi750": 0.1571632443899526, "Axial_Mchi300_Mphi1000": 0.20039260979429788, "Axial_Mchi150_Mphi500": 0.026413179534262983, "Axial_Mchi600_Mphi1000": 56.16845149463607, "Axial_Mchi300_Mphi1750": 1.3828649491113498, "Axial_Mchi150_Mphi2250": 4.208431360292044, "Axial_Mchi100_Mphi1750": 1.2306602097063797, "Axial_Mchi40_Mphi100": 0.005509048310744329, "Axial_Mchi200_Mphi100": 2.4917022196435648, "Axial_Mchi100_Mphi2000": 2.2519157257834426, "Axial_Mchi400_Mphi2250": 4.8126190736465, "Axial_Mchi200_Mphi2000": 2.33258455949789, "Axial_Mchi1_Mphi500": 0.017841807583734843, "Axial_Mchi10_Mphi1750": 1.1830955478569074, "Axial_Mchi1_Mphi750": 0.053188011936122936, "Axial_Mchi300_Mphi2000": 2.531498725788897, "Axial_Mchi10_Mphi2000": 2.18673579240652, "Axial_Mchi300_Mphi300": 7.4936544685831565}