{"Mx1000_Mv10000": 12965.670890326279, "Mx50_Mv200": 0.19183705933808812, "Mx10_Mv10000": 527.9230432914826, "Mx1_Mv20": 0.10780692951442405, "Mx150_Mv10000": 1167.6302189260484, "Mx50_Mv50": 0.20256655731956313, "Mx50_Mv10": 0.19984989864574906, "Mx150_Mv1000": 0.023699982891494047, "Mx1_Mv200": 0.05368760896330084, "Mx1_Mv500": 0.003994132797734606, "Mx150_Mv295": 0.6169227050407634, "Mx50_Mv95": 0.2078824359779009, "Mx1_Mv1000": 0.002965743458074951, "Mx500_Mv10": 16.687028840678465, "Mx1_Mv10": 34.45867773272646, "Mx1_Mv50": 0.0621469861206858, "Mx500_Mv500": 14.19111416204363, "Mx1_Mv10000": 412.35832040602355, "Mx500_Mv995": 7.837902859807391, "Mx150_Mv500": 0.41244792830607346, "Mx150_Mv200": 0.6746993108620919, "Mx50_Mv10000": 740.0223636471928, "Mx1000_Mv1000": 319.13887013203595, "Mx10_Mv15": 0.09966990944495782, "Mx10_Mv10": 0.10232835959707523, "Mx1000_Mv10": 393.3776019120486, "Mx1_Mv100": 0.056652713174776714, "Mx10_Mv50": 0.09325059751825084, "Mx10_Mv100": 0.09884108893973728, "Mx500_Mv10000": 3410.5456165559517, "Mx1_Mv300": 0.044867057547297674, "Mx150_Mv10": 0.7049230911680682, "Mx50_Mv300": 0.15434912559770972}