{"Axial_Mchi200_Mphi1750": 0.03760219158269652, "Axial_Mchi1_Mphi2250": 0.11881273602338858, "Axial_Mchi500_Mphi500": 1.573350415262801, "Axial_Mchi200_Mphi500": 0.0015824577413548853, "Axial_Mchi600_Mphi750": 2.8865441708499144, "Axial_Mchi1_Mphi1500": 0.018340697698597187, "Axial_Mchi300_Mphi2250": 0.13565904501211046, "Axial_Mchi300_Mphi1500": 0.022056405048038397, "Axial_Mchi400_Mphi300": 0.7131766249809264, "Axial_Mchi1_Mphi300": 0.00020399887484098662, "Axial_Mchi150_Mphi1750": 0.037119347012199974, "Axial_Mchi400_Mphi2000": 0.08033959404645168, "Axial_Mchi600_Mphi1500": 0.05727469520113212, "Axial_Mchi1_Mphi100": 7.092437730522409e-05, "Axial_Mchi150_Mphi2000": 0.06994655756568348, "Axial_Mchi1_Mphi1000": 0.0040730075820373845, "Axial_Mchi100_Mphi300": 0.00033562507281556975, "Axial_Mchi1_Mphi1750": 0.03618399650094712, "Axial_Mchi300_Mphi750": 0.004849961169988438, "Axial_Mchi300_Mphi1000": 0.006096290000452997, "Axial_Mchi150_Mphi500": 0.0008280579964826859, "Axial_Mchi600_Mphi1000": 1.6829995821472463, "Axial_Mchi300_Mphi1750": 0.04133634638214474, "Axial_Mchi150_Mphi2250": 0.12499490789858787, "Axial_Mchi100_Mphi1750": 0.03675126176123043, "Axial_Mchi40_Mphi100": 0.00017868232590866718, "Axial_Mchi200_Mphi100": 0.07707591323944137, "Axial_Mchi100_Mphi2000": 0.06710431289155366, "Axial_Mchi400_Mphi2250": 0.14241177208104386, "Axial_Mchi200_Mphi2000": 0.06940299435883161, "Axial_Mchi1_Mphi500": 0.0005602175338591963, "Axial_Mchi10_Mphi1750": 0.03546201087198793, "Axial_Mchi1_Mphi750": 0.0016393312734870793, "Axial_Mchi300_Mphi2000": 0.07513191808596996, "Axial_Mchi10_Mphi2000": 0.06510608719969993, "Axial_Mchi300_Mphi300": 0.2285237448403651}